Door,347,96,187,124,Doors2.jpg,650,1100
Door,352,267,182,102,Doors2.jpg,650,1100
Door,349,389,278,124,Doors2.jpg,650,1100
Door,349,576,275,82,Doors2.jpg,650,1100
Door,350,720,239,68,Doors2.jpg,650,1100
Door,345,837,282,53,Doors2.jpg,650,1100
Door,342,931,257,56,Doors2.jpg,650,1100
Door,349,1044,246,43,Doors2.jpg,650,1100
Door,151,48,44,44,door3.png,910,447
Door,221,41,49,76,door3.png,910,447
Door,304,39,86,52,door3.png,910,447
Door,431,31,85,60,door3.png,910,447
Door,557,41,83,85,door3.png,910,447
Door,671,41,92,83,door3.png,910,447
Door,144,188,83,20,door3.png,910,447
Door,256,191,142,16,door3.png,910,447
Door,431,190,104,17,door3.png,910,447
Door,572,171,58,37,door3.png,910,447
Door,663,171,104,36,door3.png,910,447
Door,157,273,90,19,door3.png,910,447
Door,290,263,93,29,door3.png,910,447
Door,151,6,122,52,4fb278307c197e42c276089d19134b78.jpg,644,870
Door,497,2,130,54,4fb278307c197e42c276089d19134b78.jpg,644,870
Door,159,76,112,53,4fb278307c197e42c276089d19134b78.jpg,644,870
Door,507,77,115,50,4fb278307c197e42c276089d19134b78.jpg,644,870
Door,153,148,122,51,4fb278307c197e42c276089d19134b78.jpg,644,870
Door,497,146,133,51,4fb278307c197e42c276089d19134b78.jpg,644,870
Door,157,222,115,72,4fb278307c197e42c276089d19134b78.jpg,644,870
Door,499,217,128,77,4fb278307c197e42c276089d19134b78.jpg,644,870
Door,157,310,116,64,4fb278307c197e42c276089d19134b78.jpg,644,870
Door,151,452,120,32,4fb278307c197e42c276089d19134b78.jpg,644,870
Door,152,500,123,33,4fb278307c197e42c276089d19134b78.jpg,644,870
Door,153,595,118,35,4fb278307c197e42c276089d19134b78.jpg,644,870
Door,147,654,126,40,4fb278307c197e42c276089d19134b78.jpg,644,870
Door,152,753,120,21,4fb278307c197e42c276089d19134b78.jpg,644,870
Door,155,795,119,24,4fb278307c197e42c276089d19134b78.jpg,644,870
Door,502,793,122,27,4fb278307c197e42c276089d19134b78.jpg,644,870
Door,506,747,115,25,4fb278307c197e42c276089d19134b78.jpg,644,870
Door,502,662,120,25,4fb278307c197e42c276089d19134b78.jpg,644,870
Door,507,604,114,23,4fb278307c197e42c276089d19134b78.jpg,644,870
Door,500,506,122,48,4fb278307c197e42c276089d19134b78.jpg,644,870
Door,502,454,120,48,4fb278307c197e42c276089d19134b78.jpg,644,870
Door,56,259,121,52,door5.jpg,663,493
Door,242,258,122,51,door5.jpg,663,493
Door,447,270,160,39,door5.jpg,663,493
Door,51,389,143,35,door5.jpg,663,493
Door,227,388,160,35,door5.jpg,663,493
Door,465,358,125,77,door5.jpg,663,493
Door,365,89,227,78,windoor.jpg,922,1184
Door,634,92,229,74,windoor.jpg,922,1184
Door,366,191,232,68,windoor.jpg,922,1184
Door,634,191,227,66,windoor.jpg,922,1184
Door,363,277,235,81,windoor.jpg,922,1184
Door,368,376,229,56,windoor.jpg,922,1184
Door,637,283,226,72,windoor.jpg,922,1184
Door,639,373,227,56,windoor.jpg,922,1184
Door,41,68,119,50,door6.jpg,372,512
Door,215,57,98,25,door6.jpg,372,512
Door,45,143,107,47,door6.jpg,372,512
Door,213,146,127,10,door6.jpg,372,512
Door,45,236,121,11,door6.jpg,372,512
Door,212,234,128,15,door6.jpg,372,512
Door,44,284,113,75,door6.jpg,372,512
Door,211,313,128,51,door6.jpg,372,512
Door,42,401,113,53,door6.jpg,372,512
Door,215,401,124,25,door6.jpg,372,512
Door,13,51,144,17,door7.jpg,672,728
Door,159,53,137,17,door7.jpg,672,728
Door,303,52,105,13,door7.jpg,672,728
Door,423,50,108,20,door7.jpg,672,728
Door,542,8,113,65,door7.jpg,672,728
Door,12,162,109,105,door7.jpg,672,728
Door,135,207,109,60,door7.jpg,672,728
Door,383,204,108,99,door7.jpg,672,728
Door,507,208,112,105,door7.jpg,672,728
Door,10,392,109,102,door7.jpg,672,728
Door,258,420,108,43,door7.jpg,672,728
Door,381,415,111,37,door7.jpg,672,728
Door,6,580,111,73,door7.jpg,672,728
Door,132,572,111,127,door7.jpg,672,728
Door,256,583,108,100,door7.jpg,672,728
Door,380,604,107,48,door7.jpg,672,728
Door,505,619,106,33,door7.jpg,672,728
Door,70,62,190,47,door8.jpg,640,622
Door,292,62,274,30,door8.jpg,640,622
Door,68,168,191,41,door8.jpg,640,622
Door,292,168,275,14,door8.jpg,640,622
Door,68,271,193,15,door8.jpg,640,622
Door,292,272,274,13,door8.jpg,640,622
Door,72,350,190,66,door8.jpg,640,622
Door,288,364,277,52,door8.jpg,640,622
Door,71,472,190,48,door8.jpg,640,622
Door,293,470,275,27,door8.jpg,640,622
Door,208,103,81,41,door9.jpg,638,826
Door,211,154,79,38,door9.jpg,638,826
Door,211,208,79,36,door9.jpg,638,826
Door,210,256,78,51,door9.jpg,638,826
Door,207,315,86,44,door9.jpg,638,826
Door,449,98,80,47,door9.jpg,638,826
Door,444,155,88,37,door9.jpg,638,826
Door,445,205,87,36,door9.jpg,638,826
Door,446,252,88,57,door9.jpg,638,826
Door,205,415,84,23,door9.jpg,638,826
Door,205,450,84,23,door9.jpg,638,826
Door,204,511,87,29,door9.jpg,638,826
Door,208,552,80,28,door9.jpg,638,826
Door,206,618,86,20,door9.jpg,638,826
Door,198,644,97,26,door9.jpg,638,826
Door,445,647,84,18,door9.jpg,638,826
Door,447,614,84,21,door9.jpg,638,826
Door,444,557,92,17,door9.jpg,638,826
Door,447,514,84,22,door9.jpg,638,826
Door,442,450,92,36,door9.jpg,638,826
Door,444,414,87,35,door9.jpg,638,826
Door,449,319,87,21,door9.jpg,638,826
Door,450,341,84,19,door9.jpg,638,826
Door,11,51,99,68,door10.jpg,432,141
Door,142,50,125,66,door10.jpg,432,141
Door,288,25,129,96,door10.jpg,432,141
