sink,79,17,68,33,5bdbe4ab80e95.jpg,501,353
sink,154,16,78,35,5bdbe4ab80e95.jpg,501,353
sink,237,18,29,25,5bdbe4ab80e95.jpg,501,353
sink,271,18,30,25,5bdbe4ab80e95.jpg,501,353
sink,306,19,39,26,5bdbe4ab80e95.jpg,501,353
sink,352,19,73,32,5bdbe4ab80e95.jpg,501,353
sink,79,58,24,19,5bdbe4ab80e95.jpg,501,353
sink,115,55,38,32,5bdbe4ab80e95.jpg,501,353
sink,161,54,31,32,5bdbe4ab80e95.jpg,501,353
sink,199,56,80,28,5bdbe4ab80e95.jpg,501,353
sink,287,54,42,34,5bdbe4ab80e95.jpg,501,353
sink,337,58,28,23,5bdbe4ab80e95.jpg,501,353
sink,372,54,35,30,5bdbe4ab80e95.jpg,501,353
sink,79,95,27,25,5bdbe4ab80e95.jpg,501,353
sink,115,95,30,25,5bdbe4ab80e95.jpg,501,353
sink,153,93,33,28,5bdbe4ab80e95.jpg,501,353
sink,193,96,24,21,5bdbe4ab80e95.jpg,501,353
sink,225,93,35,27,5bdbe4ab80e95.jpg,501,353
sink,269,93,23,24,5bdbe4ab80e95.jpg,501,353
sink,301,92,26,25,5bdbe4ab80e95.jpg,501,353
sink,338,92,35,28,5bdbe4ab80e95.jpg,501,353
sink,387,92,25,24,5bdbe4ab80e95.jpg,501,353
sink,80,133,27,27,5bdbe4ab80e95.jpg,501,353
sink,115,136,22,19,5bdbe4ab80e95.jpg,501,353
sink,147,134,52,27,5bdbe4ab80e95.jpg,501,353
sink,206,136,29,20,5bdbe4ab80e95.jpg,501,353
sink,242,134,39,23,5bdbe4ab80e95.jpg,501,353
sink,288,132,29,23,5bdbe4ab80e95.jpg,501,353
sink,322,134,28,22,5bdbe4ab80e95.jpg,501,353
sink,355,133,29,21,5bdbe4ab80e95.jpg,501,353
sink,388,128,24,27,5bdbe4ab80e95.jpg,501,353
sink,81,165,25,25,5bdbe4ab80e95.jpg,501,353
sink,112,165,28,30,5bdbe4ab80e95.jpg,501,353
sink,153,167,36,28,5bdbe4ab80e95.jpg,501,353
sink,203,168,29,24,5bdbe4ab80e95.jpg,501,353
sink,240,168,31,26,5bdbe4ab80e95.jpg,501,353
sink,281,169,29,24,5bdbe4ab80e95.jpg,501,353
sink,319,171,28,18,5bdbe4ab80e95.jpg,501,353
sink,355,165,29,32,5bdbe4ab80e95.jpg,501,353
sink,393,166,27,29,5bdbe4ab80e95.jpg,501,353
sink,81,204,30,26,5bdbe4ab80e95.jpg,501,353
sink,121,204,29,27,5bdbe4ab80e95.jpg,501,353
sink,159,204,33,28,5bdbe4ab80e95.jpg,501,353
sink,202,204,34,27,5bdbe4ab80e95.jpg,501,353
sink,243,205,26,25,5bdbe4ab80e95.jpg,501,353
sink,282,207,38,24,5bdbe4ab80e95.jpg,501,353
sink,332,203,27,29,5bdbe4ab80e95.jpg,501,353
sink,366,204,29,26,5bdbe4ab80e95.jpg,501,353
sink,81,241,30,25,5bdbe4ab80e95.jpg,501,353
sink,119,240,36,25,5bdbe4ab80e95.jpg,501,353
sink,162,237,40,28,5bdbe4ab80e95.jpg,501,353
sink,209,240,25,22,5bdbe4ab80e95.jpg,501,353
sink,240,240,29,22,5bdbe4ab80e95.jpg,501,353
sink,278,239,34,23,5bdbe4ab80e95.jpg,501,353
sink,318,238,34,25,5bdbe4ab80e95.jpg,501,353
sink,360,238,21,25,5bdbe4ab80e95.jpg,501,353
sink,386,240,28,23,5bdbe4ab80e95.jpg,501,353
sink,82,276,31,29,5bdbe4ab80e95.jpg,501,353
sink,122,274,34,27,5bdbe4ab80e95.jpg,501,353
sink,165,272,28,27,5bdbe4ab80e95.jpg,501,353
sink,201,273,28,25,5bdbe4ab80e95.jpg,501,353
sink,238,273,32,26,5bdbe4ab80e95.jpg,501,353
sink,279,275,29,24,5bdbe4ab80e95.jpg,501,353
sink,312,275,25,26,5bdbe4ab80e95.jpg,501,353
sink,82,314,31,31,5bdbe4ab80e95.jpg,501,353
sink,122,311,33,37,5bdbe4ab80e95.jpg,501,353
sink,162,310,59,34,5bdbe4ab80e95.jpg,501,353
sink,230,308,40,33,5bdbe4ab80e95.jpg,501,353
sink,274,310,29,29,5bdbe4ab80e95.jpg,501,353
sink,307,310,33,29,5bdbe4ab80e95.jpg,501,353
